Title,Order,Album,Media URL
Spacegeist,2,Spacegeist,https://freemusicarchive.org/music/download/6576d8fb96b42eb25240d808b14b78575e3cf804
Summer Snow,3,Spacegeist,https://freemusicarchive.org/music/download/0b1f26e95a94b308f79c9c973b2738c440537006
Mechropolis,4,Spacegeist,https://freemusicarchive.org/music/download/b853b97b21a09e9797c4d988297be5d05065cbd6
Into The Labyrinth,5,Spacegeist,https://freemusicarchive.org/music/download/30db1a158d2c3934768f6b66c36cabee3b33df3c
Saturnine,6,Spacegeist,https://freemusicarchive.org/music/download/a3d4bd35204ab701533c10879872f3624f562529
Deus Ex Machina,7,Spacegeist,https://freemusicarchive.org/music/download/6c53e4277ec11fd3f3cc34ad9ac8cabff351e674
Old Believer,8,Spacegeist,https://freemusicarchive.org/music/download/6c8ed2125bef6dab0183c50734ff1de7e86445c1
Solar,9,Spacegeist,https://freemusicarchive.org/music/download/6210c99977270c81149dc119dabfb9dd244ba307
Marina,10,Spacegeist,https://freemusicarchive.org/music/download/3601cf5ac1209c80ed7dc2caf9b3939dfd3d1117
Twelve Tides,11,Spacegeist,https://freemusicarchive.org/music/download/5534d24639d8044674fcc5428bcfecebca9f3e07
Interlude,12,Spacegeist,https://freemusicarchive.org/music/download/3c579296de43f659e2e5fe0c0337b1e67cac1610
Golden Hour,13,Spacegeist,https://freemusicarchive.org/music/download/ca09ac3d68f24c65ff966917ca5bdb8e9725c77b
The Last Rose,14,Spacegeist,https://freemusicarchive.org/music/download/69bede7e796e6d36d1b4b0fbb64e7c663d4772cf
A Flower In Space,15,Spacegeist,https://freemusicarchive.org/music/download/9a9cb4d141699226c1e3dbebc3f04c21bf5070b7
Reprise,16,Spacegeist,https://freemusicarchive.org/music/download/1229b603ec08283ebe06de29075a19bb9f28050d
Lights Of Tomorrow,17,Spacegeist,https://freemusicarchive.org/music/download/c6d0b79c2bf63d8eb6ad5faad823aaa3317cb685
Letter to the Los Angeles,1,Emergency Songs,https://freemusicarchive.org/music/download/0be8fb4231060e41e407458ba3318be30aec1f9f
Where's my Horse?,2,Emergency Songs,https://freemusicarchive.org/music/download/a367be551204c0f6ad82cf2a7e8dedf91b580975
Trust (is Just a Word),3,Emergency Songs,https://freemusicarchive.org/music/download/0eac9ad724047ea39cb74b118d49c70c1d9745ab
Everything Already,4,Emergency Songs,https://freemusicarchive.org/music/download/a6bada44bb1bfde08aca90b3b68b4e06675a17aa
Did You Feel That? [DURING],5,Emergency Songs,https://freemusicarchive.org/music/download/d5fc202ff7738684392b5fb954e1c36c0bd32586
HOLD ON!,6,Emergency Songs,https://freemusicarchive.org/music/download/ab231cff29df52d8fab8d3dc71d332184a10c303
Lover Won't You Hold Me,7,Emergency Songs,https://freemusicarchive.org/music/download/dbf2af7590e19c15c3c9e6909f7373a68d00e781
Prisoner,8,Emergency Songs,https://freemusicarchive.org/music/download/6d9ef779d8579bc21b4bfdb26d69558f41e99e75
Whatcha Doin',9,Emergency Songs,https://freemusicarchive.org/music/download/cd82baae24286dfdeabfa8e6dab0561c7d145459
After Disaster,10,Emergency Songs,https://freemusicarchive.org/music/download/3a93a2b966bca3d6b197b634286a313ab4c8ed74
O Say Can You See the Future,11,Emergency Songs,https://freemusicarchive.org/music/download/c77f562a0cba5966ac6879ec1083a0005bcab493
Start Again,12,Emergency Songs,https://freemusicarchive.org/music/download/8c38684141f6da2ead84dc5d6360903d2cb7c73d
It's Your Birthday!,1,Entries,https://freemusicarchive.org/music/download/f478d5417acf0d36b1b48165d5a97d4332c8337e
It's Your Birthday! (Instrumental),4,Entries,https://freemusicarchive.org/music/download/c45e8a82e5fad6912690804f7ea3ac3f941dec9c
"Piano Version, in B",5,Entries,https://freemusicarchive.org/music/download/a74e8d4a72cbac27447a1466686b6c84b2c25c1a
"Piano Version, in C",6,Entries,https://freemusicarchive.org/music/download/8e0c7d247af0f54c161c70df851cace05e758ecd
Intro - The Way Of Waking Up (feat. Alan Watts),1,Wake Up,https://freemusicarchive.org/music/download/d7dc366da6900e47e20a15cf793c4f0cf5c740cd
Geisha,2,Wake Up,https://freemusicarchive.org/music/download/105d895a8a3f0daae6859fd25e3faf16422492a8
Voyage I - Waterfall,3,Wake Up,https://freemusicarchive.org/music/download/975cdcfa343656d54c2fcec32a5178deed960b25
The Music In You,4,Wake Up,https://freemusicarchive.org/music/download/91b896e80285bd9b7d40f2327e5cd9a352192366
The Calm Before The Storm,5,Wake Up,https://freemusicarchive.org/music/download/b17c1e7a2efbc390474c853e4017539cd113ec29
"No Pain, No Gain",6,Wake Up,https://freemusicarchive.org/music/download/af1e7cc34966be93f5c41bc6557db4758d4e39b9
Voyage II - Satori,7,Wake Up,https://freemusicarchive.org/music/download/6d718a190b874fa10a1d5bb695cde4cdcec193e7
Reveal the Magic,8,Wake Up,https://freemusicarchive.org/music/download/42809727c1f3ad5e0307ad25d262b3e98525af89
Hachiko (The Faithful Dog),9,Wake Up,https://freemusicarchive.org/music/download/7438d65012bd91d9e3517b7c13719158e3b0f194
Wake Up,10,Wake Up,https://freemusicarchive.org/music/download/4d174c5b45207ffd03011e47a7d7466e41e94b71
Voyage III - The Space Between Us,11,Wake Up,https://freemusicarchive.org/music/download/ceb5b75fe5eb853e918e24f647e7be635c62956c
Ume No Kaori (feat. Sunawai),12,Wake Up,https://freemusicarchive.org/music/download/747d27391506e9592471899100e4371e91205550
Outro - Totally Here and Now (feat. Alan Watts),13,Wake Up,https://freemusicarchive.org/music/download/67055ad268261e65bd935326d411bf291c42446d
Water,1,Kyoto Soundscapes,https://freemusicarchive.org/music/download/4f1b84651c4f1e8b2b36a1724fc0236cc4c97ce7
The city,2,Kyoto Soundscapes,https://freemusicarchive.org/music/download/349048f3c5d5aedcb27b7febcafc279377fba5c4
Meditation I,3,Kyoto Soundscapes,https://freemusicarchive.org/music/download/55e9f3e42f710a0334513e2a0e722cb46893f29f
Alone in the station,4,Kyoto Soundscapes,https://freemusicarchive.org/music/download/cbb191009b1f7be8a78d1b226a025a0cdea3b5d8
Kyoto no oto,5,Kyoto Soundscapes,https://freemusicarchive.org/music/download/1533ff86a34568c0a44cddefd32c5587dac2e8f0
The next stop is...,6,Kyoto Soundscapes,https://freemusicarchive.org/music/download/f1956a5935a7c3358bc036d0cfb1a362da7c32b2
Meditation Ii,7,Kyoto Soundscapes,https://freemusicarchive.org/music/download/c7a41422b5c27a39aa68a9dfa8595f63989d5f34
Ikigai,8,Kyoto Soundscapes,https://freemusicarchive.org/music/download/6c13661d32ade8528154969cb5f8425030b33422
Uro Uro,9,Kyoto Soundscapes,https://freemusicarchive.org/music/download/5fb191f01c4760f0a77f52968b5bf720fe42e59d
Behold The Spirit,1,A Christmas Meditation,https://freemusicarchive.org/music/download/08aa570d15992b780c698072073f68f377bdc650
A Christmas Meditation,2,A Christmas Meditation,https://freemusicarchive.org/music/download/a7ca50c4b819fb8a6f497a788486ada08dacf96b
A Peaceful Day,3,A Christmas Meditation,https://freemusicarchive.org/music/download/6a718ca93f89733c6210cb6b07fc571b0c94c273
Entrance Into Nebula,1,FATHER | SON,https://freemusicarchive.org/music/download/e4101be004351334072a53df0c471ef5a8d15aa7
Shine for the rest of Us,2,FATHER | SON,https://freemusicarchive.org/music/download/8b7a948c4c475cca67e5c939453d0cf3ae81621f
Growing Up,3,FATHER | SON,https://freemusicarchive.org/music/download/ce1934f53bce133fd5032f86f55d4214509c41ba
Enter the Vortex,4,FATHER | SON,https://freemusicarchive.org/music/download/7e665b0accfb1c4a3d98e22b9bc0b4f6d0b3aafa
In the middle of Somewhere,5,FATHER | SON,https://freemusicarchive.org/music/download/230eb30ade52be529468882b7f5f5ed266b25e13
The last days of a Samurai Soul,6,FATHER | SON,https://freemusicarchive.org/music/download/cd16879bbe26c296ebe291f3e09a0c629f2eb395
Full Circle,7,FATHER | SON,https://freemusicarchive.org/music/download/80a038ddcc709b25e02cc6c508cf79948059e0db
Intro (Callin Karma),1,No Headphones Required,https://freemusicarchive.org/music/download/9ee418373f4c0d07d819499ad27e6408093f4bc1
Take on me,2,No Headphones Required,https://freemusicarchive.org/music/download/6d645d8b76a51a0ee11cffd4bc0f4b2db3defa69
The best days of my life,3,No Headphones Required,https://freemusicarchive.org/music/download/f10640e452d1457a4148d8ce90d2a3d2536cbf2f
Blinded by the lights of Tokyo,4,No Headphones Required,https://freemusicarchive.org/music/download/f024806fcac8fa8ffccb9971229ed595ef166e27
H.E.A.T.,5,No Headphones Required,https://freemusicarchive.org/music/download/68955c621f32828e5b06f9acc1691c348959ccf6
River of Hope,6,No Headphones Required,https://freemusicarchive.org/music/download/f53105b9db53179ba5d76b3a000a7be7ad214c23
Marks,7,No Headphones Required,https://freemusicarchive.org/music/download/17d979a9cfd2e80ef97da686f740c3a2b6e1be23
Glorious love song,8,No Headphones Required,https://freemusicarchive.org/music/download/5d63d069fb7078f0bdb7f88ba9fd29e58ea73cd5
The enemy inside,9,No Headphones Required,https://freemusicarchive.org/music/download/9ad07f25f16e417bab1bdaf41c170fb78a52df5f
Do you remember,10,No Headphones Required,https://freemusicarchive.org/music/download/a059c3bbffa0e7132c07c7cd0e00c80eebde38ef
Vista Panoramica (Reprise),11,No Headphones Required,https://freemusicarchive.org/music/download/d515d86f6c9c1edb67e69c39b1e5e208cd789f65
Dance of the midnight wind,1,The First Voyage,https://freemusicarchive.org/music/download/ab21082ba3a3d6d2831f7484ee44a74a8cbe27ba
Fly,2,The First Voyage,https://freemusicarchive.org/music/download/190c0a7630e9c215b1bd450c01bdd6a9a4fbcd5c
Haiku Loop,3,The First Voyage,https://freemusicarchive.org/music/download/c2cb867e6271f328a46913ef070bdc21ae08c5ac
Voyage I - The Japanese Garden,4,The First Voyage,https://freemusicarchive.org/music/download/53f202cd63d4e756ccdd38d9831eb1580a99b14d
Loneliness Radar,5,The First Voyage,https://freemusicarchive.org/music/download/4a283ccf5fd8ddd98d9ceea7cacce1c019554024
Voyage II - Words From Another Place,6,The First Voyage,https://freemusicarchive.org/music/download/c6448180fbd4433a39203706bd15aae42aa2873c
Vista Panoramica,7,The First Voyage,https://freemusicarchive.org/music/download/551fe063af2ef22b587392900e44aecef0a13e1e
From Earth To The Sky,8,The First Voyage,https://freemusicarchive.org/music/download/4f035f93e1ca0062777e7e9986edde2f945f5911
Voyage III - Kyoto,9,The First Voyage,https://freemusicarchive.org/music/download/44a50255c6cbb98fda98a69069492b72f8845652
Into the woods,1,The Second Voyage,https://freemusicarchive.org/music/download/21a7bf4d72f4591c5f01a929fe4f8903e8995ab5
Painting With Lights,2,The Second Voyage,https://freemusicarchive.org/music/download/71aaaf4f43786fca5881531b5bebac58e07dc9f3
Voyage I - Let the sun in,3,The Second Voyage,https://freemusicarchive.org/music/download/1d067d68ffe6ab9796c08a837c574ee573441acf
The Prisoner,4,The Second Voyage,https://freemusicarchive.org/music/download/4c8ac35e90f2ffba95ca745f166cacb02081322b
Voyage II - Close your eyes,5,The Second Voyage,https://freemusicarchive.org/music/download/a81b8177d510b91aaf1093aae79ca92e57d34630
Samuari Spirit,6,The Second Voyage,https://freemusicarchive.org/music/download/d40fa61cfaa4d6c2159a110ba9442970519136ba
Nothing left to do,7,The Second Voyage,https://freemusicarchive.org/music/download/d3ac1d475c6923d60749104189794ee71c349f46
Voyage III - To the sunrise,8,The Second Voyage,https://freemusicarchive.org/music/download/dfd537d04f37f6e80c1c045dd07b02042d48334c
"Right time, wrong universe",9,The Second Voyage,https://freemusicarchive.org/music/download/c593c2dd09863a28d9d7d12b505a966e618f3a3d
Epilogue,10,The Second Voyage,https://freemusicarchive.org/music/download/43672fcef530146a2d672284b23e2cd973629e4f
Christmas in Japan,11,En attendant Noël...,https://freemusicarchive.org/music/download/a0abdb5601a865dc47fff9da1a3e0e1f9b4b1e67
Enthusiast,1,Enthusiast,https://freemusicarchive.org/music/download/db0d0222384a4dfce38a83ed8d3d595cbd5d97f3
Golden Hour,1,Petal,https://freemusicarchive.org/music/download/a66e93cda37d7486aff06335f2d88e8e48aeb24c
Summer Spliffs,2,Petal,https://freemusicarchive.org/music/download/9125305b1378316d7c180a10a49528eaf01e8bf1
Wash Out,3,Petal,https://freemusicarchive.org/music/download/2414a95f0563d42b3727b8ac1f54e9c88a747fd6
Melt,4,Petal,https://freemusicarchive.org/music/download/57ec519de52e2eb6f287212a31554ce1b710a830
Juparo,5,Petal,https://freemusicarchive.org/music/download/fc243ed3d064e61b1535018a38774e86542539eb
A Beautiful Life,6,Petal,https://freemusicarchive.org/music/download/d1781a2de9df1110b66ce657965319d7a6c3d4a1
XXV,7,Petal,https://freemusicarchive.org/music/download/936e952247fba101bc506e7994a4f58b8c982669
Feel Good (Instrumental),8,Petal,https://freemusicarchive.org/music/download/1a75034524d02d994b0cc7c0da5cff97116843df
Add And,9,Petal,https://freemusicarchive.org/music/download/d669bd2e09e4a8d08a2ede7fb48dba2145345d6a
Love Is Not,10,Petal,https://freemusicarchive.org/music/download/5f3192eabc3582aaeac355f0a3f34f09d14769eb
Solitude,11,Petal,https://freemusicarchive.org/music/download/b866b763823c5299e99138f19b65444d09959e11
Heart Ache,12,Petal,https://freemusicarchive.org/music/download/811e38cf1b4476c30b37e4c59253512c2d199467
Tropicks,13,Petal,https://freemusicarchive.org/music/download/c01d8575f4a9e3db1af666050fd580981aae40d0
Miei,14,Petal,https://freemusicarchive.org/music/download/30558cd95c79f3a37c1ceac83d8c5e7b0a6770a9
Budding,1,Gold Can Stay,https://freemusicarchive.org/music/download/eba63a082aac3062005c1d6a7a5c80b4c106853c
942 Miles,2,Gold Can Stay,https://freemusicarchive.org/music/download/9a87f6469cd44ffef4ea0159617767349338382f
The Gold Lining,3,Gold Can Stay,https://freemusicarchive.org/music/download/dcbc7185a5be68f28e09fae32d5d3914cf568700
Things To Come,4,Gold Can Stay,https://freemusicarchive.org/music/download/7ba33c13324dd80c3e05f4f6c8960bb7b0fdfba9
Lonely Organ,1,Leaf,https://freemusicarchive.org/music/download/13077cd852795849e734d37e98c569d73a0631b3
Like Swimming,2,Leaf,https://freemusicarchive.org/music/download/8583fff3a806760ccc6baab0c4462bf4b323e30b
Figure it Out ft. Caswell,3,Leaf,https://freemusicarchive.org/music/download/50d8a014762b3128fc964782592c3bd826273c9b
Fuck It,4,Leaf,https://freemusicarchive.org/music/download/3408e1f80253bcff2d026a39012f8e1a0682e53e
Luminous,5,Leaf,https://freemusicarchive.org/music/download/17d19db37502c909dc1028de0b533373ddd58509
Blown Out,6,Leaf,https://freemusicarchive.org/music/download/4482e6fede821650e3e07842748ec5f6102d9b89
Sidewalk Chalk,7,Leaf,https://freemusicarchive.org/music/download/fb26ece14b7c877ef6cfafa5120a0509ae90accb
One And,8,Leaf,https://freemusicarchive.org/music/download/0713c7a4700788f178c517f3117a00000e9dec38
Building The Sun,9,Leaf,https://freemusicarchive.org/music/download/b0d5bbfee4928e1df1c792f13cd82777f9d9aae8
As Colorful As Ever,1,Layers,https://freemusicarchive.org/music/download/950f548f363674cba1408ff8c3a9b1ec006b31f0
Knock Knock,2,Layers,https://freemusicarchive.org/music/download/33e39fca224ea2b5c5e68987890615799a9b6a4a
Only Knows,3,Layers,https://freemusicarchive.org/music/download/6f679d400e00954883bf3dc2937cff540fe53174
If,4,Layers,https://freemusicarchive.org/music/download/cf6fa4e348166b687b8dc5e8f45a49ce66913876
Note Drop,5,Layers,https://freemusicarchive.org/music/download/929323ea3fcaa78c6a5537eeda01bf77ec517179
Murmur,6,Layers,https://freemusicarchive.org/music/download/ef0b0966609c0ecc8efda54d7a24c20044a84823
Spellbound,7,Layers,https://freemusicarchive.org/music/download/354a8a6876070c78c2c86026aed974192bbe222e
The Collector,8,Layers,https://freemusicarchive.org/music/download/2604241e7e9ea6424c03c7724140648ba39b057a
Quit Bitching,9,Layers,https://freemusicarchive.org/music/download/e1a7f050532660c43f489a9fbefc6842dcb89101
A Year,10,Layers,https://freemusicarchive.org/music/download/1ff6bc62c2f47eb4558c44ceaa2bda4c41c8991f
Night Owl,1,Directionless EP,https://freemusicarchive.org/music/download/d2eade407ce780f1e0e95e3d830ac0801f981856
My Always Mood,2,Directionless EP,https://freemusicarchive.org/music/download/878078d7f597fc5dde567d37d2a71fb2822d3cdb
Day Bird,3,Directionless EP,https://freemusicarchive.org/music/download/b7e74aa2127efa3a224e0d0289973eb96a05a75d
My Luck,4,Directionless EP,https://freemusicarchive.org/music/download/e9371cc56907d5b10cf1162694fba38d5e05b5ee
Mell's Parade,5,Directionless EP,https://freemusicarchive.org/music/download/e0250600eee9fd0027d4d5614d5a001c53018405
Only Instrumental,6,Directionless EP,https://freemusicarchive.org/music/download/af2030000a84c608fd160e13b2a357610c666e05
Warm Up Suit,1,Grass Hop,https://freemusicarchive.org/music/download/d84c4271cc3ad7d33453d39c89c10839091fa59c
Black Lung,2,Grass Hop,https://freemusicarchive.org/music/download/963dcd0cd48d70a4ccd65dd9c7896355908882ae
Bring Me The Night,3,Grass Hop,https://freemusicarchive.org/music/download/c6f7459fcc669b102275053bd14682305eb07119
Breakfast With Tiffany,4,Grass Hop,https://freemusicarchive.org/music/download/493d3a28948c9371df9f47a1d26b561430496a12
Nola,5,Grass Hop,https://freemusicarchive.org/music/download/1bf3d9a3f83e5f74beb90fe7d7ec19ee1ee95315
Over Easy,6,Grass Hop,https://freemusicarchive.org/music/download/e098674df6d26f140cb5d235815e690db15a38c8
Something Jah,1,Something EP,https://freemusicarchive.org/music/download/bb50acccb298256cb3fbffc42818605eb9f887c2
Something Old,2,Something EP,https://freemusicarchive.org/music/download/f6db320da71d31a588a2c7fac2414f0aab76c844
Something Wobbly,3,Something EP,https://freemusicarchive.org/music/download/8d8afc0f1c8cd8e1e5afe42bcc717ff00a62da7f
Something Galactic,4,Something EP,https://freemusicarchive.org/music/download/3c468820423876a411b2dbd1b864df349222a207
Something Elated,5,Something EP,https://freemusicarchive.org/music/download/6e6e2842da5d97215af087904971c54a657e961f
Nothing Like Captain Crunch,1,Slam Funk,https://freemusicarchive.org/music/download/d53957a863ffd186a5786a9bf21d57d2f5135fd3
Calm The Fuck Down,2,Slam Funk,https://freemusicarchive.org/music/download/3bf133f81aae8e54d2170301783782f648abeba9
The Great,3,Slam Funk,https://freemusicarchive.org/music/download/68689803b7342c96d989dc79acc02fc58407ea4d
Caught In The Beat,4,Slam Funk,https://freemusicarchive.org/music/download/41aee94b75b96dcd3779cde15d711437a14fe604
Hella,5,Slam Funk,https://freemusicarchive.org/music/download/76642492ce8be2ac89c108e888294986bb87a11f
High School Snaps,6,Slam Funk,https://freemusicarchive.org/music/download/32fe7a87af6e2fe00d42aa54d1476c5ff33a6122
At The Count,7,Slam Funk,https://freemusicarchive.org/music/download/0c33c803dfb04fc9cbc3f8edf225f9432e876877
Living In Reverse,8,Slam Funk,https://freemusicarchive.org/music/download/ec4798c86e6ef83796b60cedac8ac1fc645d1ea8
Drop of Water In the Ocean,9,Slam Funk,https://freemusicarchive.org/music/download/114e6ceacff6620d73b679496f7f6e53cd287df3
Covered In Oil,10,Slam Funk,https://freemusicarchive.org/music/download/21906de054c8fedfc2ee244c021a23345c0c741f
Simple Hop,11,Slam Funk,https://freemusicarchive.org/music/download/ba00bcb9e578d6fb60e9c8de4ae3b750acab03df
Our Ego [feat. Different Visitor],12,Slam Funk,https://freemusicarchive.org/music/download/ae84ec2d4837257c5bfa9f16b613c0af267ccd05
Something Elated,7,netBloc Vol. 37: FIVE,https://freemusicarchive.org/music/download/f65424a3957f13e21a2a5d4ae620863ad558eb9e
Liar Liar,1,Liar Liar,https://freemusicarchive.org/music/download/ab53b90bf4b70b3ee2a2d20303b1037da36e8d89
The Undefeated,2,Liar Liar,https://freemusicarchive.org/music/download/ddb94e8ffdff4d09fb183825572110303faddc33
Whatever Comes My Way,3,Liar Liar,https://freemusicarchive.org/music/download/710d40477eb57657e734ecb6d47c721dc066d8a9
Little Fingers,4,Liar Liar,https://freemusicarchive.org/music/download/285cf2e979fa4b99f9c28672e598c9537a6fb8ef
Oh Josephine,1,Circle,https://freemusicarchive.org/music/download/08a9acee6c562ce8c405d88e3dc22962c93d3dff
Hammer and a Nail,2,Circle,https://freemusicarchive.org/music/download/6b97e66df66026f467de4ae65bc093dae7a60196
Long Way Down,3,Circle,https://freemusicarchive.org/music/download/e29ec0a3b0c9e7e67637e73e20fc2af0a64aa530
 I Know His Blood,4,Circle,https://freemusicarchive.org/music/download/14bf2969c0759c236fcc125a16d5c2b5ff190354
Liar Liar Quietly,5,Circle,https://freemusicarchive.org/music/download/8eb9a197ee89ce6ff365e1b7eb97679b8696508d
A Wheel Within a Wheel,6,Circle,https://freemusicarchive.org/music/download/add077be8bcc50aeaae0ce5847e737a8962d91a0
Hold On,7,Circle,https://freemusicarchive.org/music/download/15400d2b69c2f37951f57c2aab08df635bd2f367
Pale Horse Rider,8,Circle,https://freemusicarchive.org/music/download/19daf53acbb83b4b69ce1e18f965cdcf40e0cf5f
A HAppy Car Is a Stolen Car,9,Circle,https://freemusicarchive.org/music/download/36715f7d094714af9ddc80e33e96cb17d5d73328
Wintertime,10,Circle,https://freemusicarchive.org/music/download/2185fc172927e2d8aa5f259df5cc2ad971109c36
Feeling Good,11,Circle,https://freemusicarchive.org/music/download/d38f49dcc4fdeb1af414b7af8004b8aa6046360f
This Is Normal,12,Circle,https://freemusicarchive.org/music/download/b0255f7758530dc2c0d2fa0cd89d20835a30e384
I Know His Blood,1,I know his blood,https://freemusicarchive.org/music/download/e0ed84201bd6eb24afe990a01d6fdb2aee4a0e10
La Nina Blanca,2,I know his blood,https://freemusicarchive.org/music/download/c23c8acd22410cb1e83336cba6f57d4ef8a681f8
Ugly,1,Ugly,https://freemusicarchive.org/music/download/a9a454f2a80255153003ae3cfffa2440759fdd3f
By Way of Apology,2,Ugly,https://freemusicarchive.org/music/download/17560185345c61e4174e38b9926b769f0a7d301a
Stop,3,Ugly,https://freemusicarchive.org/music/download/2f0077cb74ba1a2add5c5f1d28ebe3b5ad6ca568
Hikikomori,1,Hikikomori EP,https://freemusicarchive.org/music/download/6bc5b70d0002b81479c7ee0de56cc01ae8b1aba9
Slow Enough,2,Hikikomori EP,https://freemusicarchive.org/music/download/9d821b8e8c8b083d0f59fff7d8565628871dd42a
Erudite Girl,3,Hikikomori EP,https://freemusicarchive.org/music/download/8a43911f9f34e8d1e1b7549f41993bb7bb89c67c
If You Stay,4,Hikikomori EP,https://freemusicarchive.org/music/download/dbfa0d76682117e352f11936d9b409835e68ce00
7 Gifts,1,7 Gifts,https://freemusicarchive.org/music/download/bffd7d1357926d23bb350d07b24bc0151c4d86cb
Superfortress,2,7 Gifts,https://freemusicarchive.org/music/download/7df9dc70f31b08b4a9ce1c30b4bdf451ae849961
Poison me and You Die,3,7 Gifts,https://freemusicarchive.org/music/download/dd6038d75e873d46c970d85ffb6b4be20c5217f3
Reason to Reason,4,7 Gifts,https://freemusicarchive.org/music/download/514349631efc87d3b6c81fd24d9e4669bd557244
White Horses,5,7 Gifts,https://freemusicarchive.org/music/download/cb96986b1b5755ec864d65c082beda73dc13c90e
Two metres,6,7 Gifts,https://freemusicarchive.org/music/download/89de26d421672c5be2982ee9a922f881ce91f3ca
Terracotta Child,7,7 Gifts,https://freemusicarchive.org/music/download/3d0108f4f61d34beade1e7efbf043bf2e3bc3f8f
Losing Over Christmas,1,Christmas Losers,https://freemusicarchive.org/music/download/8394dbe3a8774ba67f27186c952cfb340195230d
Pantomime Cow,2,Christmas Losers,https://freemusicarchive.org/music/download/baacac41e0b23a56af17142361cd5f64fd757334
Loswers on a Christmas Eve,3,Christmas Losers,https://freemusicarchive.org/music/download/2f7885f6d58c56ba700c8297132ad7fcab8cb9cb
Keppler's Marriage Problem,1,Making Waves,https://freemusicarchive.org/music/download/0a8d28a716939a7bafa819d3af94daff38995a37
Making Waves,2,Making Waves,https://freemusicarchive.org/music/download/a4ac27ce64e2623f36aa13bb4ea7138b0ef5c7b5
Whitby Rain,3,Making Waves,https://freemusicarchive.org/music/download/17e34512a794231e498e593785b1d9e472d4c0ac
Meadow Siren,1,Meadows and Fords,https://freemusicarchive.org/music/download/f9ee63320cd719e5de07b84aa34a79100a82258d
Yesterday's Rain,2,Meadows and Fords,https://freemusicarchive.org/music/download/5f7cfc85fd1edc8e6b773adf29ff017f05b368f1
Don't Go,1,Soul Hop,https://freemusicarchive.org/music/download/ca286b7ecffdae18f432fb93372b1a803ccb0767
Back Home,2,Soul Hop,https://freemusicarchive.org/music/download/b317538ac9b2d52a53ebd6a90ad32db6734e59be
Let Me Tell Ya,3,Soul Hop,https://freemusicarchive.org/music/download/d344cffc072783924b0cf903e4fdf8e0e897fb62
Gettin' Crazy,1,Lost In Tranzitionz,https://freemusicarchive.org/music/download/859c5e406ed8c79510bc9f45fe1c12023a5f0a97
I.D.K.?,2,Lost In Tranzitionz,https://freemusicarchive.org/music/download/0c9ef7faf5400ee0b1cea273e4e454b49f74d3b6
Race 4 Humanity,3,Lost In Tranzitionz,https://freemusicarchive.org/music/download/978b9d60b6d6eaeedc432dde5d40bf074d2cf2f7
Wise Wordz,4,Lost In Tranzitionz,https://freemusicarchive.org/music/download/30a0cf0a83b066641e6538d26bd7731651c32c56
Keep It Up/Tranzitionz,5,Lost In Tranzitionz,https://freemusicarchive.org/music/download/cf4ced62b236e8219e9ffbc8fd0c770867545d69
Lyrically Spoken,1,T.H.e.Y,https://freemusicarchive.org/music/download/ee7ba810ee5456b0a88edc91a20cd17ad6eb2a72
Carry,2,T.H.e.Y,https://freemusicarchive.org/music/download/83038b3bfc3dae76998164529a27a8ab0b66835e
T.H.e.Y,3,T.H.e.Y,https://freemusicarchive.org/music/download/88beea134cf24f63aac79bb17b138540e3bd5386
Back Against Interlude,4,T.H.e.Y,https://freemusicarchive.org/music/download/514f5640194dfe9384fc727689213b4aa1de2bfe
Cold Days,5,T.H.e.Y,https://freemusicarchive.org/music/download/f397ed28b5b26b8e2aa6769d29885382faf84a68
Truth,6,T.H.e.Y,https://freemusicarchive.org/music/download/c5e9ccddbe68b57b03adcdb0a041f5e61b786863
Righteous Way,7,T.H.e.Y,https://freemusicarchive.org/music/download/64d8388a2a293cb25baa2343142fa6223afb8b64
#MakeAChange,8,T.H.e.Y,https://freemusicarchive.org/music/download/3830f9f3348dc1aec3137c2184ee7165b37e2593
Depravity,1,Depravity,https://freemusicarchive.org/music/download/9b239a54ad4a0d110eae3465f21afa42e1f3ec4f
Cash Rules,1,Jules Lives,https://freemusicarchive.org/music/download/a71ac26dc1cc2998d35efc09f2a4a4677661322e
Crate Diggin',2,Jules Lives,https://freemusicarchive.org/music/download/ad7a12d1883e3a8ddf9eb7bf4c0fc682cb19e4fd
Dubs Up,3,Jules Lives,https://freemusicarchive.org/music/download/6bc2c182552db6e1c9fa97899ec3b8eaa0bdf586
Excellent Adventure,4,Jules Lives,https://freemusicarchive.org/music/download/2b0c23d418eb3263296857f4095507d5ec3a2b31
Failed Moments,5,Jules Lives,https://freemusicarchive.org/music/download/ed1425d72fd0bc1fb587a4e71b805ff69eae0090
France Vs Korea,6,Jules Lives,https://freemusicarchive.org/music/download/e7f81e0dcb6d0f03dbcb67e0955b492febf6c95c
Freedom Drops,7,Jules Lives,https://freemusicarchive.org/music/download/c8bab6e3111f524ea98b329cd99a978e36147d37
Green Iver,8,Jules Lives,https://freemusicarchive.org/music/download/113455fdbbca7624b0e50418ccad8b6a4d37356d
Nothin' Doin' 1.3,9,Jules Lives,https://freemusicarchive.org/music/download/4ab7c0c86f84b9ecf727c63a5883baea7c61f46f
Put The Hammer Down,10,Jules Lives,https://freemusicarchive.org/music/download/ed25aba5853af3638fe2c95edeb5b6dff36e50fc
Question,11,Jules Lives,https://freemusicarchive.org/music/download/85cf1d98b560545faea7a96abe7d85fab0ed600e
Rooftops,12,Jules Lives,https://freemusicarchive.org/music/download/1da62de92b8b69d75a32aded641565abf0c44790
That Mexican Thing,13,Jules Lives,https://freemusicarchive.org/music/download/a6dc644cba585609eddf4f656c86423d965d5477
Throw It Down,14,Jules Lives,https://freemusicarchive.org/music/download/3b00e637219ebadcc2976b391729ffc89848bff0
Trap Lyfe,15,Jules Lives,https://freemusicarchive.org/music/download/d71359b6d360f5f0ad23d01aeb6fd1ae95205e0b
My Friends,1,No Karma,https://freemusicarchive.org/music/download/2fb1e4097d776fb7f293adf94f7e69b2a50be439
We Are,2,No Karma,https://freemusicarchive.org/music/download/b55400a6aca8761d6e3a94a42502ecea470ceb0e
Genocide,3,No Karma,https://freemusicarchive.org/music/download/0edf1579a8bc827c8a409743a938323da05b4d9f
What U Need,4,No Karma,https://freemusicarchive.org/music/download/dac69aa5953364fe5fabb21aa0517f489c00a1b3
Broadcast,5,No Karma,https://freemusicarchive.org/music/download/dbf4c34d72656cad81f5e4ec3d2d6552627e1ae0
Changes,6,No Karma,https://freemusicarchive.org/music/download/c8ee7ecc580a5880dbe6cf703e3f3b6e3d7e4bd6
Young,7,No Karma,https://freemusicarchive.org/music/download/ccafa14720036242598f43fa82990549ab709987
Woods,8,No Karma,https://freemusicarchive.org/music/download/b30b483966bec9736611ff8b1ec111820d9e7d24
I'll Try,9,No Karma,https://freemusicarchive.org/music/download/5d12063c873787cc5e1e764f11335a55f9ad0eb0
The Stoned 3,1,A Live & Happy Groove,https://freemusicarchive.org/music/download/26ae434430e6fcda68c1c87e767e3c2fd4ccadbf
Golden Pineapple Funk,2,A Live & Happy Groove,https://freemusicarchive.org/music/download/a2688a9d8c0098c2117d64cb60baeae451944808
Boss swinging feets,3,A Live & Happy Groove,https://freemusicarchive.org/music/download/4108bfe126155a6377efc0784610c7203443bd46
Lobo had a problem,4,A Live & Happy Groove,https://freemusicarchive.org/music/download/15f07d0fb42c59e5042c2a2ed6ae89ddb3118131
Einstein Musicians,5,A Live & Happy Groove,https://freemusicarchive.org/music/download/026c1658e61743a56eb93112cf090c2788659bf7
Hippie Funghi Policeman Downhill,6,A Live & Happy Groove,https://freemusicarchive.org/music/download/78fa021a69f99cc981f0df4a696f2b14bf30b565
Auch mal da,7,A Live & Happy Groove,https://freemusicarchive.org/music/download/a14789405bd12441f8faecb3067f764acd2cf7f5
Checkie Brown,8,A Live & Happy Groove,https://freemusicarchive.org/music/download/65fb15625b0ce9de4fb0278e2c8e072f2cfd8e9c
Disco,9,A Live & Happy Groove,https://freemusicarchive.org/music/download/ed667a35b2a22def1ed1dfca38f09bb2998f053a
Final Disco,10,A Live & Happy Groove,https://freemusicarchive.org/music/download/8056007c949843df5306a955192080eaebcb9d5f
Lichtung,11,A Live & Happy Groove,https://freemusicarchive.org/music/download/3094785bbc54b721a2762649063ae3236ff7ad10
Robodance GOLD,12,A Live & Happy Groove,https://freemusicarchive.org/music/download/2c4f448e13e98cae2efffe9516ccd37b5164a1e5
Cant Get On With It,1,Space Dance,https://freemusicarchive.org/music/download/29f483eec635bbafe2349a87bd3482fb07b925f9
Ride That Train,2,Space Dance,https://freemusicarchive.org/music/download/226f352c29a9ee0722abca1af95980adc76c2fff
Another Dimension,3,Space Dance,https://freemusicarchive.org/music/download/17160c59d7ecaac9c5d4ef1b50a023619fd6f657
Birgitson Kielson Lobsen,4,Space Dance,https://freemusicarchive.org/music/download/ba4e7913ecdfa6eb2acd0a853412c97658ee7be7
Invsaion der Funghis,5,Space Dance,https://freemusicarchive.org/music/download/d367242b6697b488daa9c3a6724ef720a4408122
DoDat,6,Space Dance,https://freemusicarchive.org/music/download/dcce37c7696b944310b5f5dc39426576c66301b4
Schnappt Rasta Shorty,7,Space Dance,https://freemusicarchive.org/music/download/6f3c0364c72b14b7aca35409d8fb40e87735fab1
Another Checkie Brown,8,Space Dance,https://freemusicarchive.org/music/download/62f3fbd5c68070b4e217587cd8b7375c934e4fe4
Froggy,9,Space Dance,https://freemusicarchive.org/music/download/eb88e5c4043be761481f7bcb787e64bd3fc694bb
Atlas,1,Elektra,https://freemusicarchive.org/music/download/6417747ddf4a59f50a4ff3ab8896242da2cc3756
Botein,2,Elektra,https://freemusicarchive.org/music/download/8151fb1f375fccd5772beb86fdaf7a7c99253d18
Capella,3,Elektra,https://freemusicarchive.org/music/download/d4de2f14129aa3b8c042b8a3c639e420ec69031a
Decrux,4,Elektra,https://freemusicarchive.org/music/download/6cd744c99692b1b55769c267a27eed604e41710d
Elektra,5,Elektra,https://freemusicarchive.org/music/download/bbd0b2135debe68c7856032519779aebec54c8d1
Furud,6,Elektra,https://freemusicarchive.org/music/download/2d27311d35b6984a36918530fe85a77dc731ed94
Gatria,7,Elektra,https://freemusicarchive.org/music/download/49ec846e5c9520ecca66744fb3c85b72f905c2ea
Haldus,8,Elektra,https://freemusicarchive.org/music/download/c001705d5e0e3ab0479a891e03eeb4dc5eb46d7a
Izar,9,Elektra,https://freemusicarchive.org/music/download/f5bb928f23bafa40e722e98810d1e451c5e48cb6
Jih,10,Elektra,https://freemusicarchive.org/music/download/ad8ebe8444b0da2a7bd4738b6f4202bc5c232c9a
Kuma,11,Elektra,https://freemusicarchive.org/music/download/8cfa6d36bcb2a68bb52db624179e0053373ad3d3
Lesath,12,Elektra,https://freemusicarchive.org/music/download/ac318eb64aa153f97860bcba83609aee9c7cdbd1
Terminus,1,Foundation,https://freemusicarchive.org/music/download/dc272f9b4cbb2e9e9429105decf5719e9b48f7f1
Star's End,2,Foundation,https://freemusicarchive.org/music/download/044cf172255d85455b88a4c0f612dfbef9aec4cc
Legend,3,Foundation,https://freemusicarchive.org/music/download/b99ab3d8fe493ad53f4705476a2ae7f68ea12a73
Dust,4,Foundation,https://freemusicarchive.org/music/download/14963eb0ca9a5ffb7f1401ec0489654d7c52168e
Trantor,5,Foundation,https://freemusicarchive.org/music/download/c23af71a5615c94404e60da700c4a77e4b2db902
Space Night,6,Foundation,https://freemusicarchive.org/music/download/2be1943343b6526d1fd23b8c94e82d480146777d
G-Men in Space,7,Foundation,https://freemusicarchive.org/music/download/b19f77b25cb507ce5985affb119967aa49f19b42
Amal,8,Foundation,https://freemusicarchive.org/music/download/1ef00a441c4573cb660aa7e796f43bbd83e0962d
Hipno,9,Foundation,https://freemusicarchive.org/music/download/4c16da5d7f860c90470adb49039617e78a86282e
Gaia,10,Foundation,https://freemusicarchive.org/music/download/5c130f336767cea7a878a4ba8054a0bc9595fe4a
Le Fée Verte,11,Foundation,https://freemusicarchive.org/music/download/4e2f6ec0bf28717a0045ebc42297b299fe41cf41
Empire,12,Foundation,https://freemusicarchive.org/music/download/83b1e1e535e205ee739ff1a4e804aebc14319e1b
Sphere,13,Foundation,https://freemusicarchive.org/music/download/85e5574bd90d84a89c89503843b34e888ea403af
Gloom,14,Foundation,https://freemusicarchive.org/music/download/f5c77b63b16dc12a3d81f7499f070fb4fd6a6ae1
Eternal Glide,15,Foundation,https://freemusicarchive.org/music/download/f3252179e10ef914cae0aae21a780e67655617f4
Pulse,16,Foundation,https://freemusicarchive.org/music/download/35c26e66dd7f528153f99885f875b3272c69a551
Golden Path,1,Vespidae,https://freemusicarchive.org/music/download/563496114d1b08bd0e509bd34957b0087f5ad31a
Vespidae,2,Vespidae,https://freemusicarchive.org/music/download/2ecb30e7fa37e61fb481ca008a97966bf3fad134
Lotus,3,Vespidae,https://freemusicarchive.org/music/download/b099cd5f624aa8afbf753af293bc06fa7147458c
Mille et une nuit de basse,4,Vespidae,https://freemusicarchive.org/music/download/3f7479c183415eee06dfce158158159868d91a5d
Easy,5,Vespidae,https://freemusicarchive.org/music/download/198d277e8fdaa8b04a3bc44691fb50706c37c0cd
Tube,6,Vespidae,https://freemusicarchive.org/music/download/ea96000495b5c234e7b60b3d548c03bb1c56a21a
Spicy,7,Vespidae,https://freemusicarchive.org/music/download/131bb7dddf6920048e73a6aec69081e144fe0724
Scorpio Moon,8,Vespidae,https://freemusicarchive.org/music/download/a6fcc4d8c1d7d52a4f8928c17f3684ce41af114e
Dubnotic - It was meant 2 be (SPCZ Remix),9,Vespidae,https://freemusicarchive.org/music/download/27b66a1a3f2d5723731713544756d3672a384fe0
Memories (Tales of painting & Spcz),10,Vespidae,https://freemusicarchive.org/music/download/e7769e3be300f85ecda56c3ab041f2cec08a4708
the first mind,1,MIND,https://freemusicarchive.org/music/download/eda3a83f555c61569c2cbdb713190f9b3ec02d47
the second mind,2,MIND,https://freemusicarchive.org/music/download/13c1e3fc5b4ef1e9f3ee74800e402bb7a4506340
the third mind,3,MIND,https://freemusicarchive.org/music/download/f84745b8b8b227d796a00df89a62603824291f46
the fourth mind,4,MIND,https://freemusicarchive.org/music/download/b4877f1b45272a7ac240ac29b4a92e838b78c1f5
the fifth mind,5,MIND,https://freemusicarchive.org/music/download/d3f20ed58c01b537fb8b7a24ccdce7b15c0be0f8
the sixth mind,6,MIND,https://freemusicarchive.org/music/download/f9e6a813f71e3e9f582f0ae52625ce781f1ce25d
the seventh mind,7,MIND,https://freemusicarchive.org/music/download/e2d3c8a711fa1fe645779ae95fa8c7fde4c939e9
the eighth mind,8,MIND,https://freemusicarchive.org/music/download/98b8e14ac02f5422f85831edaaf86716ceb33de9
the ninth mind,9,MIND,https://freemusicarchive.org/music/download/a831493386b8085c8f584fdad8feeca5f16ce1d6
the tenth mind,10,MIND,https://freemusicarchive.org/music/download/964119931bc193053a1ee69a4be1f2da170ea926
the eleventh mind,11,MIND,https://freemusicarchive.org/music/download/e4ecb24236247c3ee3451eeb51e41d1a82ef5e51
the twelfth mind,12,MIND,https://freemusicarchive.org/music/download/4c9930f9acee7d71b0e5c05bb81bebe584ecfa5e
Sturm,1,R3TURN,https://freemusicarchive.org/music/download/348c97031b20216f1ad95071c84ce1336bcc337f
Down,2,R3TURN,https://freemusicarchive.org/music/download/ce6b5c1b441451d56a3b450b54d2eb1faa5ce309
Ducky,3,R3TURN,https://freemusicarchive.org/music/download/f925c50eef942693cabba6a7d279a218b787c2df
Assault,4,R3TURN,https://freemusicarchive.org/music/download/0eda54107fcb97a619a646eed77221435391bfe9
Reduce,5,R3TURN,https://freemusicarchive.org/music/download/06ccc2fba773864be7666d70f014b9bac843aefa
Fuck,6,R3TURN,https://freemusicarchive.org/music/download/ed312a518094f61a87ef3be235bdbead7cf02e3d
Sure,7,R3TURN,https://freemusicarchive.org/music/download/f7c99c15852beeeca2249b2aca71e99f13fac05e
Rise,8,R3TURN,https://freemusicarchive.org/music/download/d655269214e77807c2f9dedd0f13f73a5ca984e1
Caravan,9,R3TURN,https://freemusicarchive.org/music/download/b869f73203baaded43fb68e823927f9ef5b3f19b
Ground,10,R3TURN,https://freemusicarchive.org/music/download/65a6f597b285eab2975da1d19c94cd539ed5dde5
Awaken,1,BLISS,https://freemusicarchive.org/music/download/fec748f07144771aafa513233375ef293666ae2b
Traffic,2,BLISS,https://freemusicarchive.org/music/download/873ab30193c5f1ea40c3a5d0b2b5d3a5bf800d62
Northlight,3,BLISS,https://freemusicarchive.org/music/download/93107075dcc4f51e74e0af2a9bc673e78ffc2ee3
Mystic Flow,4,BLISS,https://freemusicarchive.org/music/download/2a73314c4520afde4be2acfe4459632094522a01
Query,5,BLISS,https://freemusicarchive.org/music/download/ad44f84548a460b5f26af1964a4ce53f7a4f94c0
Interlude,6,BLISS,https://freemusicarchive.org/music/download/a1ea5a22cd1d36066b9c34617492023662806a64
Inside Dreams,7,BLISS,https://freemusicarchive.org/music/download/59461c0c5f5d39bb3f36c2b79bddff1fcfd49dee
Gravity,8,BLISS,https://freemusicarchive.org/music/download/269ebb11ac8a364480a9d3c9e8335e647686a0f2
Sky,9,BLISS,https://freemusicarchive.org/music/download/8827538667e92ee9098e6e738f023973ab0fdc58
Bliss,10,BLISS,https://freemusicarchive.org/music/download/dc71013b1b69828b13bbbe55abf7de03631a4f7b
Equal Slide,11,BLISS,https://freemusicarchive.org/music/download/153ccc54f762b98edb1f87e3f4c1d6ed7b739d19
Stratoskop,12,BLISS,https://freemusicarchive.org/music/download/6d721d882fa2e094daf6036fcaf1b0a06d0632e5
Space Night,1,SPACE NIGHT EP,https://freemusicarchive.org/music/download/c84812318c65ce7f7862f8ce54d34b71a97a78c4
Amal,2,SPACE NIGHT EP,https://freemusicarchive.org/music/download/d03bf9eb980c57b71e50f0fa2312ab5bc9fcd080
Dust,3,SPACE NIGHT EP,https://freemusicarchive.org/music/download/29badcad0ac72b4c2f323ad5585c7f892387ef38
Legend,4,SPACE NIGHT EP,https://freemusicarchive.org/music/download/4cd46d1a59f3a6254f6d82d62125d7a4dd6eedb1
Sphere,5,SPACE NIGHT EP,https://freemusicarchive.org/music/download/1e2cb665dc89074c88959b029a77eca074654704
Here and Now,1,Here and Now,https://freemusicarchive.org/music/download/6be5b5b5db985a29c82897d05323537a62653729
Isn't It Beautiful,2,Here and Now,https://freemusicarchive.org/music/download/d216c281021666fc13e8002caec2d023d47d013a
Breaking in,1,Nameless: The Hackers RPG Soundtrack,https://freemusicarchive.org/music/download/b1c517645dda3e606ff9e574dc8489c10cb3531d
Mt Fox Shop,2,Nameless: The Hackers RPG Soundtrack,https://freemusicarchive.org/music/download/0ff0ec234227852b6eff811488f524b79310365a
Battle (Special),3,Nameless: The Hackers RPG Soundtrack,https://freemusicarchive.org/music/download/8bd2494654d89efa57a8781f5bd8f2dc9fc9bd8d
B-3,4,Nameless: The Hackers RPG Soundtrack,https://freemusicarchive.org/music/download/b63e1b7d936a6dd35b8ac1233bd1ff2e16873c33
Battle (Boss),5,Nameless: The Hackers RPG Soundtrack,https://freemusicarchive.org/music/download/88fd1bf6fe98d617e108406b4853513e6cf17042
Young Love,6,Nameless: The Hackers RPG Soundtrack,https://freemusicarchive.org/music/download/2313baf452ab0037cadcdab9e968e91124421bcb
Inspiration,7,Nameless: The Hackers RPG Soundtrack,https://freemusicarchive.org/music/download/209a34852ee8f564afc8e7ff57bc098dc605225c
CPU Talk,8,Nameless: The Hackers RPG Soundtrack,https://freemusicarchive.org/music/download/ebe4fc7129380846c80e3604c7ac30b0acfad4f2
eCommerce,9,Nameless: The Hackers RPG Soundtrack,https://freemusicarchive.org/music/download/e8516ed05987ce6cdd846370c9896bd1a0552f55
Epic Song,10,Nameless: The Hackers RPG Soundtrack,https://freemusicarchive.org/music/download/5c43bbdeeda005208906ee65ce517adc8f26ddeb
Assignment,11,Nameless: The Hackers RPG Soundtrack,https://freemusicarchive.org/music/download/d1fe587bfbbe8813016d83d230bf46c1b63a3ea4
Passing Time,12,Nameless: The Hackers RPG Soundtrack,https://freemusicarchive.org/music/download/b10c526f3805a49709957f06a5df0c393357f2e0
Rolling,13,Nameless: The Hackers RPG Soundtrack,https://freemusicarchive.org/music/download/826d4afaaf1dd45ffda3b64e40f5323b6f096023
Battle (End),14,Nameless: The Hackers RPG Soundtrack,https://freemusicarchive.org/music/download/c1d741c127c633f4d3ff8fee9740800f52149807
Meeting MtFox,15,Nameless: The Hackers RPG Soundtrack,https://freemusicarchive.org/music/download/8b51ba351244fc72ac13e491f8a108abc888bb8f
Love Of My Life,16,Nameless: The Hackers RPG Soundtrack,https://freemusicarchive.org/music/download/a53f6493ec37884c86c8faf750fcc5b0c61bbe7a
Map Theme,17,Nameless: The Hackers RPG Soundtrack,https://freemusicarchive.org/music/download/989a99e72846a381430cd8518fcf7845e116948e
Melody,18,Nameless: The Hackers RPG Soundtrack,https://freemusicarchive.org/music/download/579ae3a75f889e05411e764d0ca710ab23f0aab9
Mission,19,Nameless: The Hackers RPG Soundtrack,https://freemusicarchive.org/music/download/5dacf73331164add54942780b50ace88962c6c93
Battle (Normal),20,Nameless: The Hackers RPG Soundtrack,https://freemusicarchive.org/music/download/b1328400eeb17873f0307b2fbeea3701cebffc69
Rhythm,21,Nameless: The Hackers RPG Soundtrack,https://freemusicarchive.org/music/download/b2bccc9356963c18c7e87e0ca986a40e58087ec0
Nameless: the Hackers Title Screen,22,Nameless: The Hackers RPG Soundtrack,https://freemusicarchive.org/music/download/8a8f81d4b900969fc1e182844ed2868547330438
Trace Route,23,Nameless: The Hackers RPG Soundtrack,https://freemusicarchive.org/music/download/9cfc1133b3750961bec948cdde8bd748981f92c4
Tricks,24,Nameless: The Hackers RPG Soundtrack,https://freemusicarchive.org/music/download/65bb8479d892ba7396b74cbdeb79f8d9b1d5f1bb
Victory,25,Nameless: The Hackers RPG Soundtrack,https://freemusicarchive.org/music/download/c54ea4112534402453a1faade97f45672e70f010
Defeat,26,Nameless: The Hackers RPG Soundtrack,https://freemusicarchive.org/music/download/ab329849876ce0608877582b57a758811d4aa47b
Against the Wall,27,Nameless: The Hackers RPG Soundtrack,https://freemusicarchive.org/music/download/ab329849876ce0608877582b57a758811d4aa47b
Frantic,28,Nameless: The Hackers RPG Soundtrack,https://freemusicarchive.org/music/download/4dabbc11ca0ce99d50e88d33bc3e0e440f3a603f
Storm,29,Nameless: The Hackers RPG Soundtrack,https://freemusicarchive.org/music/download/c977324712222ee2241c7d1cfa6267e70af74eb9
Fater Lee,1,Free Beats Sel. 3,https://freemusicarchive.org/music/download/5095308ab176ad3953d537f561769dc1936a065b
Oh K.,2,Free Beats Sel. 3,https://freemusicarchive.org/music/download/cd6bd512d87fb4ae382f32fa554e504e88c813fc
8bit2 3,3,Free Beats Sel. 3,https://freemusicarchive.org/music/download/bb89a0b215acf081d473c69866d0daf3a90427c6
Black Ant,4,Free Beats Sel. 3,https://freemusicarchive.org/music/download/61b3695c2d91a5df65e421fe52ea0ae307641acb
Self Explainitory,5,Free Beats Sel. 3,https://freemusicarchive.org/music/download/6a069bfa1883d43973505376857a8b90af2fa512
fACEMELTER,6,Free Beats Sel. 3,https://freemusicarchive.org/music/download/44f34099177bb635f9f622acafa19c3fc20848ac
Boomerang,7,Free Beats Sel. 3,https://freemusicarchive.org/music/download/5b8183d836cc57a3be01113ae3ae8ef7e0036ce5
Michael Vendette,8,Free Beats Sel. 3,https://freemusicarchive.org/music/download/986ab3b2dbf0d0bd06a9d0eb5dc31fa79c201553
Christmas Eve 2009,9,Free Beats Sel. 3,https://freemusicarchive.org/music/download/2c02f83d298cddf62c4bc4da6b63bd6b85163fdf
5 Piece,10,Free Beats Sel. 3,https://freemusicarchive.org/music/download/7edb0da8c918fececeaa865eb971ac42c133c874
government funded weed,11,Free Beats Sel. 3,https://freemusicarchive.org/music/download/0269657e17f9474c9d78ba0927575fbce653683c
6.49,12,Free Beats Sel. 3,https://freemusicarchive.org/music/download/4b2ebc0e82102e272e4fe4b4eb7db0a94a9f503a
1982,13,Free Beats Sel. 3,https://freemusicarchive.org/music/download/805888eafbf6dfcf37bef6b324273d5575cb48d4
Underdog,14,Free Beats Sel. 3,https://freemusicarchive.org/music/download/578a3016330d6cba9951d0adcf2b67be6337a708
D8M3,15,Free Beats Sel. 3,https://freemusicarchive.org/music/download/616880725cef9744eb301234880c929261626e31
j.3o,1,Joanna Preciado,https://freemusicarchive.org/music/download/9d71db20b7e552510f1849ce953f0b4814acda97
August,2,Joanna Preciado,https://freemusicarchive.org/music/download/2e9f6c8baf7809273900d1faaf466698f808dfc0
Brain HOle 9,3,Joanna Preciado,https://freemusicarchive.org/music/download/469a92568556128b90b3392bf702bfa2b4e1d025
Damn.,4,Joanna Preciado,https://freemusicarchive.org/music/download/025fb7a7f27e50485a96f3ed98565d9c05f2ce92
james p. funk 2,5,Joanna Preciado,https://freemusicarchive.org/music/download/c817f26272177af5d90cb9a36fceeea3fdedb6db
Sleep.,6,Joanna Preciado,https://freemusicarchive.org/music/download/70672b72c8093f3dd3e951581cc30cebc73ad07c
Mother Earth,7,Joanna Preciado,https://freemusicarchive.org/music/download/99cf3d54acf6f7c13c1f2f7f45a05034c009815a
realest year 9,8,Joanna Preciado,https://freemusicarchive.org/music/download/51a9e98d27e293c7cb925126a55dae350b789612
B.,9,Joanna Preciado,https://freemusicarchive.org/music/download/1c3fa891ea15d7934628f0f292b4aa823c83483f
Natural Organics,10,Joanna Preciado,https://freemusicarchive.org/music/download/2cc6f5fac2123ac33753eceddf1a26505bd3c6be
Abstract Concepts - What up in the streets,11,Joanna Preciado,https://freemusicarchive.org/music/download/838e6c502744df41732f68d2937da871b53bf1cc
October 16th,12,Joanna Preciado,https://freemusicarchive.org/music/download/61c9b67be3a0c17e8a57ef8d514e813bb612d7ef
Dark Slide,13,Joanna Preciado,https://freemusicarchive.org/music/download/aadec35b4f3f3771ec25351ddac3f8ceab57296e
Put it together,14,Joanna Preciado,https://freemusicarchive.org/music/download/4bda87feade85b0cac6627ea13f4f17e93a5cb05
Space Goat Remix,15,Joanna Preciado,https://freemusicarchive.org/music/download/7c0562d15059a215555a02eaa65ce2eea2889efa
All Eventualities,1,Up/Down,https://freemusicarchive.org/music/download/24a02307c5188e306c0fe191bf7dd6a76c24b652
Bending The Reed,2,Up/Down,https://freemusicarchive.org/music/download/b96e9ad5f34a993e816aa8e9174ff6cfe375931b
Fudge,3,Up/Down,https://freemusicarchive.org/music/download/6a0ae3b5d960d43df058ab8466e21444e22bcd5b
That Old Harpoon,4,Up/Down,https://freemusicarchive.org/music/download/df2e2bcd6a106457de71186b2e1b5a22a5ba468a
"Adventure, Darling",1,...Plays Guitar Again,https://freemusicarchive.org/music/download/5b69cb884529a555bf815de254b7cda419c7350b
Porthglaze Cove,2,...Plays Guitar Again,https://freemusicarchive.org/music/download/131598db1de1cd105047e558da1d4203a44dd483
Instrumental #2 Revisited,3,...Plays Guitar Again,https://freemusicarchive.org/music/download/9cb93a1febd488422c69d98f2c74c692138d9620
Multitudes,4,...Plays Guitar Again,https://freemusicarchive.org/music/download/9b6ed3705fd68c3a7679bb57d781c5c5516ba0aa
Ferns And Cork,5,...Plays Guitar Again,https://freemusicarchive.org/music/download/e30d15bf54168a7d1785109dd59227956def17ed
Jupiter The Blue,1,...Plays Guitar,https://freemusicarchive.org/music/download/13553a86047af78ce80be3278a126d8b619b23be
Traveling Made-up Continents,2,...Plays Guitar,https://freemusicarchive.org/music/download/22ed91e9a3a1a65727d10501aabd1144a0006f47
Pony,3,...Plays Guitar,https://freemusicarchive.org/music/download/a1e5645695f29abc9635e14fb4d2401ff4fa1898
The Everlasting Itch For Things Remote,4,...Plays Guitar,https://freemusicarchive.org/music/download/05fc2ee1ebf74ee58dd98cd72f9d634642bdfb56
Springish,5,...Plays Guitar,https://freemusicarchive.org/music/download/e4abc8668367d6c210828eedca51189b59ccf5aa
Thinking Of You,6,...Plays Guitar,https://freemusicarchive.org/music/download/6ea6f995f8b6b02435328bf647408e77380afd4c
A Garden And A Library,7,...Plays Guitar,https://freemusicarchive.org/music/download/207913336196b8f30073a32ab20eb34e86509d3a
Mundo Canibal,1,Wild Goats and Useless Heroes,https://freemusicarchive.org/music/download/2dba42503745688809475d5e0b7046b7f9accc08
The Gypsy Song,2,Wild Goats and Useless Heroes,https://freemusicarchive.org/music/download/1709540edd7da163619e0e3b24c050a9d5170def
We'll Save The World,3,Wild Goats and Useless Heroes,https://freemusicarchive.org/music/download/4ac8343703e5e15a689c83717cf365a87ad0135d
El Mariachi,4,Wild Goats and Useless Heroes,https://freemusicarchive.org/music/download/ab531a5aee17e423c059e5eaa1fb11636f432202
Santa Alegria,5,Wild Goats and Useless Heroes,https://freemusicarchive.org/music/download/bd652d6ada4062f8c84aefc348fdf4e3c8d58f10
Boogish Bulgar,6,Wild Goats and Useless Heroes,https://freemusicarchive.org/music/download/81203a0577e3adc1d65fdf58d7486bdf29dbd6b9
A Russian Circus Story,7,Wild Goats and Useless Heroes,https://freemusicarchive.org/music/download/264608e2fae64c2722f09ec27876b7fa564e9c89
Hey Moe,8,Wild Goats and Useless Heroes,https://freemusicarchive.org/music/download/23faa1c81a042efb557a23aed83b660b5cabb518
Bublitzki,9,Wild Goats and Useless Heroes,https://freemusicarchive.org/music/download/970706c9866412118932648801edd3ad7043cb61
Requiem for a Fish,1,Tales Of A Dead Fish,https://freemusicarchive.org/music/download/66aadee8001c1b5911355a10c3a9731e3ca1f012
Late as Usual,2,Tales Of A Dead Fish,https://freemusicarchive.org/music/download/990e6e92f75b07ac467bb01aa6a43961c0145b7c
Balkan Beats,3,Tales Of A Dead Fish,https://freemusicarchive.org/music/download/3e719a30733febb6673cdea60fdbd096b9f3323f
No means no,4,Tales Of A Dead Fish,https://freemusicarchive.org/music/download/1b2bb5fbe7405b92322bc1a1880077ad6f47bf93
Hitmans Lovesong feat. Paola Graziano,5,Tales Of A Dead Fish,https://freemusicarchive.org/music/download/e5c3c6faf5fd90b7bf0c53a4c7b712a61b8a05e5
At the beginning,6,Tales Of A Dead Fish,https://freemusicarchive.org/music/download/3cbd20aa0f5dbbac1877a60ece85fe53d54d0974
Monkey Said,1,"Love, death and a drunken monkey",https://freemusicarchive.org/music/download/534325b2cceed2bd2a8ccc0bc477c8c27c3afd11
Nevermore,2,"Love, death and a drunken monkey",https://freemusicarchive.org/music/download/759e3a2573f823176f8e9157c2c86174e8d1a662
Sad Passangers Waltz,3,"Love, death and a drunken monkey",https://freemusicarchive.org/music/download/3dc4b345f4f480b8518d41dfd1453472733b01f7
The Hug,4,"Love, death and a drunken monkey",https://freemusicarchive.org/music/download/8faf59f3edcd465babe19669b10bc88334b662d1
A Russian Circus Story,5,"Love, death and a drunken monkey",https://freemusicarchive.org/music/download/6e73b78a8f0ea56bbcbf00c8bd777adce0ce532e
La Polka Del Amor (live at ScannerFm),6,"Love, death and a drunken monkey",https://freemusicarchive.org/music/download/3bfb79a21e29afc4df3d9a9b3f922457b2f5ed8c
At World's End,7,"Love, death and a drunken monkey",https://freemusicarchive.org/music/download/af679ce77737d709c95d29ea39caeb039f8f46eb
Bleuacide,1,Graphiqs Groove 2009,https://freemusicarchive.org/music/download/ebf8b56a238198ecc08b592fa563332471d07310
Yellow Ocher,2,Graphiqs Groove 2009,https://freemusicarchive.org/music/download/0839bf78add8bc22db895e7413a0f5bc42096667
Midnight Blue JzDnB,3,Graphiqs Groove 2009,https://freemusicarchive.org/music/download/977e37efcdfa7a2508ce0fefe769dc145f397654
Frosty Blue,4,Graphiqs Groove 2009,https://freemusicarchive.org/music/download/6eddd4c2924a3bf1f01a5e22582d1f6088fda0d8
Sea Green,5,Graphiqs Groove 2009,https://freemusicarchive.org/music/download/0cbcd8a73181e75777f795d1ca9584e80768aba0
Reedy Gray,6,Graphiqs Groove 2009,https://freemusicarchive.org/music/download/0f39a72ae390d4f063a22f16cf8ee44527be66e4
Burn Tumber JzDnB,7,Graphiqs Groove 2009,https://freemusicarchive.org/music/download/3d6028ccc8a3e5f359f26af7eea0944abeadf0d2
Cyanos,8,Graphiqs Groove 2009,https://freemusicarchive.org/music/download/4c44534b3824342b07b06695be000c7256692b1b
Deepy Sky Blue,9,Graphiqs Groove 2009,https://freemusicarchive.org/music/download/2a2b03366701974c5dc3d9ac4467884220cb5c31
